{
  "n_seeds": 5,
  "k_writes": 50,
  "n_facts_pre": 2084,
  "n_facts_post": 2134,
  "baseline_jaccards": [
    0.3033227629946229,
    0.15548029556650245,
    0.21737809509342243,
    0.2745889818286703,
    0.26037682391273553,
    0.22469755089997046,
    0.15996398559423775,
    0.2727540935241186,
    0.21126760563380287,
    0.19778017573608753
  ],
  "treatment_jaccards": [
    0.2544836956521739,
    0.29646969505251175,
    0.22953195189103026,
    0.3198774313882228,
    0.24835503289934202
  ],
  "baseline_mean": 0.22776103707841705,
  "treatment_mean": 0.26974356137665617,
  "effect": 0.04198252429823912,
  "bootstrap_ci_95": [
    0.01429049596816664,
    0.07313036734488737
  ],
  "effect_threshold": 0.05,
  "verdict": "inconclusive",
  "elapsed_s": 2.0377066135406494,
  "mode": "production_safecopy"
}