{
  "k_writes": 50,
  "N_runs": 5,
  "vanilla_delta_jaccards": [
    0.2981952993844432,
    0.21149389772902827,
    0.31678402069262823,
    0.3811653116531165,
    0.3644014745774501
  ],
  "compensated_delta_jaccards": [
    0.25932105034092556,
    0.27308550185873603,
    0.36201966664342,
    0.27041124886604173,
    0.25932105034092556
  ],
  "vanilla_mean": 0.3144080008073333,
  "compensated_mean": 0.28483170361000976,
  "ratio": 0.9059302017716538,
  "verdict": "supported_weak (\u0394J_comp < \u0394J_vanilla but not /2)",
  "elapsed_s": 72.86158061027527
}