{
  "n_seeds": 10,
  "k_writes": 100,
  "n_facts_pre": 2366,
  "n_facts_post": 2466,
  "baseline_jaccards": [
    0.3471326291911817,
    0.2572078350817988,
    0.2738689881547024,
    0.440109424868104,
    0.40511770726714436,
    0.3654797910365686,
    0.37065157371617896,
    0.289160149111907,
    0.352116624614522,
    0.16465378421900156,
    0.34704333594250336,
    0.24652936689549965,
    0.25274810945661497,
    0.2852633952055309,
    0.27044985870312377,
    0.23960784313725492,
    0.2185796666403349,
    0.25031418644193093,
    0.3301019317128805,
    0.2737025005665936,
    0.2708550185873606,
    0.2640998646412994,
    0.2904527117884357,
    0.27402402402402404,
    0.35927937839510415,
    0.3807371349095967,
    0.4101067042480371,
    0.4006800408024481,
    0.4119049240618402,
    0.3781762791663782,
    0.15426511814177013,
    0.24410333208536128,
    0.20531996915959905,
    0.2712562738781932,
    0.2098069498069498,
    0.1681749018979739,
    0.18841273641369405,
    0.26902069389953076,
    0.1178086753809009,
    0.21443474229194037,
    0.2331662167373698,
    0.2415374035302208,
    0.28020273848248733,
    0.22684574179023365,
    0.2397760845902659
  ],
  "treatment_jaccards": [
    0.43373952779893377,
    0.36233882644970006,
    0.3612194960650751,
    0.42078071182548793,
    0.295559175579007,
    0.2829120044205,
    0.3827033952594491,
    0.31945917285259806,
    0.3729945648615022,
    0.3695507265697907
  ],
  "baseline_mean": 0.2818730302372087,
  "treatment_mean": 0.3601257601682044,
  "effect": 0.07825272993099569,
  "bootstrap_ci_95": [
    0.04915228944901779,
    0.10594130719440925
  ],
  "effect_threshold": 0.05,
  "verdict": "H1_supported",
  "elapsed_s": 7.248194217681885,
  "mode": "production_safecopy"
}