{
  "n_seeds": 20,
  "k_writes": 100,
  "n_facts_pre": 2084,
  "n_facts_post": 2184,
  "baseline_jaccards": [
    0.3033227629946229,
    0.15548029556650245,
    0.21737809509342243,
    0.2745889818286703,
    0.366559052999731,
    0.2636014192785334,
    0.3664528456394158,
    0.3314719358533792,
    0.26200810185185186,
    0.3411892184748747,
    0.1824941905499613,
    0.179456906729634,
    0.2588582677165354,
    0.224300441826215,
    0.17382508558979148,
    0.16596211053702836,
    0.2710611882944133,
    0.32588860138907805,
    0.2098275598962307,
    0.26037682391273553,
    0.22469755089997046,
    0.15996398559423775,
    0.30964673913043483,
    0.23416422287390026,
    0.3216582295799699,
    0.2717281272595806,
    0.2636107193229901,
    0.3609877188398223,
    0.22514015933903808,
    0.24698210073539617,
    0.20737913486005088,
    0.23751783166904428,
    0.22495943354477066,
    0.19259705085765877,
    0.34720308624965557,
    0.16323851203501094,
    0.19330129167918297,
    0.2727540935241186,
    0.21126760563380287,
    0.3017519271198318,
    0.24302848575712144,
    0.3338448660714286,
    0.32777218466848845,
    0.2454625292740047,
    0.3075751280986013,
    0.22313296903460833,
    0.2514204545454546,
    0.175280567040756,
    0.22943340691685066,
    0.21889260724064497,
    0.24872640095894516,
    0.23951734539969838,
    0.2673728813559322,
    0.2532457842113117,
    0.19778017573608753,
    0.2533843437316068,
    0.15651614976699346,
    0.2509346493195753,
    0.24734329277683664,
    0.09693629437510132,
    0.3013193360760391,
    0.1078269484808454,
    0.27128116938950986,
    0.27566566994162034,
    0.16276894293732458,
    0.12283000327546678,
    0.08614921378387419,
    0.35824112659864926,
    0.1815431164901664,
    0.04637681159420293,
    0.26959382151029754,
    0.13559592096876993,
    0.2969151670951157,
    0.2458446660622544,
    0.20285285285285282,
    0.32652221612726273,
    0.1596598960793576,
    0.2861126603457892,
    0.26821052631578945,
    0.2442268342589886,
    0.18828451882845187,
    0.17883895131086147,
    0.30807200929152145,
    0.13135011441647593,
    0.17590135788980799,
    0.28472422754836846,
    0.11081629467769627,
    0.21393939393939398,
    0.2140546897971185,
    0.13439807141780924,
    0.2866012128212533,
    0.40074378045652737,
    0.3219839142091153,
    0.31996692848284414,
    0.31224228636428264,
    0.2817575406032483,
    0.29741007194244606,
    0.2623042505592841,
    0.255,
    0.3103348729792148,
    0.23656912834804145,
    0.14639533049376874,
    0.305908962397512,
    0.1898674242424242,
    0.23494152046783623,
    0.24981949458483754,
    0.2200422577724117,
    0.11903590752582394,
    0.17601146862057981,
    0.307179866765359,
    0.1974827689541504,
    0.14763366176708126,
    0.22470192601650874,
    0.23157583813321514,
    0.14777727203762703,
    0.2550365617072079,
    0.37813241888683724,
    0.3232817169247487,
    0.33568757789779813,
    0.316153181687302,
    0.2873698107671997,
    0.2496622128809488,
    0.29663608562691135,
    0.25153282488410345,
    0.24665363212513158,
    0.2547695920164368,
    0.2339335610058988,
    0.3456227561447114,
    0.40244388364988715,
    0.30724721539129174,
    0.2312713708423998,
    0.22654176424668226,
    0.2743039707895938,
    0.31526954558283937,
    0.23900928792569665,
    0.27241962774957695,
    0.14698452794442696,
    0.2921394962634929,
    0.26401345291479816,
    0.17904589371980673,
    0.16705698672911784,
    0.1445535148828372,
    0.37345378735232804,
    0.20598103574033555,
    0.10923151280811982,
    0.3431141868512111,
    0.3859581568476447,
    0.35822060353798124,
    0.37332980552983197,
    0.3173130972456436,
    0.3064607537546047,
    0.26497093023255813,
    0.3228051391862955,
    0.291220556745182,
    0.27984595635430043,
    0.2677063957647732,
    0.2052102376599635,
    0.11032321899736153,
    0.10063101959481902,
    0.3205410968975151,
    0.2254873006497342,
    0.10033167495854067,
    0.19420372211961923,
    0.17168585769117217,
    0.26681034482758625,
    0.2887594145232343,
    0.3102430799494169,
    0.2622883106154482,
    0.24825682742591515,
    0.18457943925233644,
    0.2620551090700345,
    0.29660419895730594,
    0.28093407375765345,
    0.199033266988911,
    0.2548652155110278,
    0.2330184435447593,
    0.1953053083768027,
    0.34035038146369034,
    0.16666666666666663,
    0.17364341085271318,
    0.09728920671877594,
    0.30187277051129613,
    0.24320374159602454,
    0.11111111111111116,
    0.3261412006458242,
    0.22971377987606967,
    0.08489618218352313,
    0.373642779587405,
    0.3459811730629978,
    0.18379685610640872
  ],
  "treatment_jaccards": [
    0.34664224664224663,
    0.3826805155800276,
    0.30084854718436616,
    0.3767235926628716,
    0.34373470386686245,
    0.44676674364896074,
    0.3131758109731678,
    0.4988836793927216,
    0.4084625555956245,
    0.2984011823189574,
    0.42327051387100545,
    0.31442760062728703,
    0.3131686194600102,
    0.3354807921737055,
    0.44698636163660366,
    0.34110313050548857,
    0.33070560868441456,
    0.377177700348432,
    0.3757695148978084,
    0.3621717620195357
  ],
  "baseline_mean": 0.24458588920941246,
  "treatment_mean": 0.3668290591045049,
  "effect": 0.12224316989509246,
  "bootstrap_ci_95": [
    0.09990774120555106,
    0.14643230437015475
  ],
  "effect_threshold": 0.05,
  "verdict": "H1_supported",
  "elapsed_s": 14.854331493377686,
  "mode": "production_safecopy"
}