{
  "n_seeds": 5,
  "k_writes": 25,
  "n_facts_pre": 2150,
  "n_facts_post": 2175,
  "baseline_jaccards": [
    0.28590285110876457,
    0.22047134290893877,
    0.2739025429748544,
    0.282831195041084,
    0.24924609938376818,
    0.2424827586206897,
    0.29063568010936436,
    0.26080311240794773,
    0.24410124410124412,
    0.12682613581634294
  ],
  "treatment_jaccards": [
    0.3078057939914163,
    0.2885636575573113,
    0.30915731802765456,
    0.18746321365509122,
    0.177726574500768
  ],
  "baseline_mean": 0.2477202962472999,
  "treatment_mean": 0.2541433115464483,
  "effect": 0.006423015299148405,
  "bootstrap_ci_95": [
    -0.04393164947349396,
    0.05677768007179068
  ],
  "effect_threshold": 0.05,
  "verdict": "inconclusive",
  "elapsed_s": 3.1136834621429443,
  "emerging_pre_count": 0,
  "emerging_post_count": 0,
  "emerging_pre_names": [],
  "emerging_post_names": [],
  "emerging_jaccard": 0.0,
  "mode": "production_safecopy"
}