{
  "corpus_n": 2366,
  "results": {
    "vanilla": {
      "mean_ms": 286.4570140838623,
      "min_ms": 258.5275173187256,
      "max_ms": 331.6922187805176
    },
    "stable_partition": {
      "mean_ms": 399.71771240234375,
      "min_ms": 254.92119789123535,
      "max_ms": 543.5981750488281
    },
    "second_pass": {
      "mean_ms": 583.7001323699951,
      "min_ms": 544.8944568634033,
      "max_ms": 626.1506080627441
    },
    "hybrid": {
      "mean_ms": 1249.3821144104004,
      "min_ms": 1106.3957214355469,
      "max_ms": 1319.4513320922852
    }
  },
  "ratios": {
    "vanilla": 1.0,
    "stable_partition": 1.3953846222991195,
    "second_pass": 2.0376534826237935,
    "hybrid": 4.361499467576783
  }
}