{
  "k": 100,
  "n_inject": 5,
  "n_seed": 20,
  "n_paired_total": 100,
  "baseline_jaccards": [
    0.28590285110876457,
    0.22047134290893877,
    0.2739025429748544,
    0.282831195041084,
    0.28766930022573367,
    0.24416839199447893,
    0.26303524614040197,
    0.23380281690140847,
    0.25942857142857145,
    0.2835519677093845,
    0.26101938262742286,
    0.2334586989831453,
    0.3978690228690228,
    0.30733752620545074,
    0.29359854321333523,
    0.37681549220010757,
    0.1937721160651097,
    0.13478064224332886,
    0.37309644670050757,
    0.24924609938376818,
    0.2424827586206897,
    0.29063568010936436,
    0.22071568353368742,
    0.3239330227873599,
    0.3353723404255319,
    0.33886822529224225,
    0.32423924449108077,
    0.30499050718741527,
    0.23678001387925052,
    0.3040756356202887,
    0.2779850746268657,
    0.24762036142916266,
    0.232461602324616,
    0.32822814893055186,
    0.245335085413929,
    0.23714985042153924,
    0.4474835886214442,
    0.26080311240794773,
    0.24410124410124412,
    0.24382022471910114,
    0.3365531265887137,
    0.32680005444399074,
    0.2863522188110522,
    0.30894637563998917,
    0.27224099099099097,
    0.22464077393654858,
    0.247515444533978,
    0.3646316331787738,
    0.2575059349252897,
    0.2638350857775318,
    0.3314998658438423,
    0.33062054933875895,
    0.31204452100172253,
    0.3452914798206278,
    0.12682613581634294,
    0.17030769230769227,
    0.21399942742628109,
    0.21594379963347587,
    0.21956057369545312,
    0.15541479993820484,
    0.17651657285803624,
    0.14272300469483568,
    0.3040632669757295,
    0.2627569354606871,
    0.12852862324554482,
    0.20400180532571088,
    0.22645470905818832,
    0.26922013274336287,
    0.2679234504427307,
    0.3648444992464721,
    0.14233343959196687,
    0.2698614645179531,
    0.17130073505912435,
    0.14882591093117414,
    0.2090602999693909,
    0.11810245429089117,
    0.16300742378771127,
    0.3188645445776491,
    0.28439038517231396,
    0.13876440460947503,
    0.1396088408332008,
    0.2410443230115361,
    0.2751790981879477,
    0.30987917555081734,
    0.3316217372700043,
    0.2961038961038961,
    0.22308512258261004,
    0.20262143407864297,
    0.20862120756984082,
    0.16217068938318346,
    0.13189410652379452,
    0.2612650433809124,
    0.24034397318175194,
    0.1163197203241697,
    0.15488163391613796,
    0.17672480321037198,
    0.2558236853117589,
    0.25003611151235017,
    0.3432462479155086,
    0.22882335935241405,
    0.26530612244897955,
    0.16284875183553593,
    0.3289168146428083,
    0.2807187284035937,
    0.2155006858710562,
    0.3558067030397506,
    0.2525990446754707,
    0.3086803677663602,
    0.3410946072527766,
    0.19575406672180862,
    0.1971890971039182,
    0.3650150346450517,
    0.1426484907497566,
    0.15379766782225024,
    0.17355899728564583,
    0.2298570994223168,
    0.2630830489192264,
    0.31649162645472606,
    0.20018550007729174,
    0.21214896214896217,
    0.31292714846590086,
    0.2715129358830146,
    0.2571010248901904,
    0.21885931558935356,
    0.15526481715006302,
    0.1235013959599277,
    0.22074346030289127,
    0.2834833989870569,
    0.3411731765364693,
    0.22578184591914574,
    0.21222307104660043,
    0.3086690017513135,
    0.25344901152040966,
    0.24797406807131284,
    0.21866910309121368,
    0.23893405600722672,
    0.2185301601556653,
    0.23941276115189158,
    0.3285064129085643,
    0.2101067829748834,
    0.2634174644618509,
    0.2607420442880187,
    0.22625777275296777,
    0.22892092616863258,
    0.27536023054755043,
    0.18018159048215399,
    0.3273899327938554,
    0.29890835966676244,
    0.1757689893283113,
    0.17493757802746568,
    0.2628974205158968,
    0.31632373113854595,
    0.2965457933209116,
    0.26579649955502815,
    0.2772992497916088,
    0.28936532727530884,
    0.14737666405638217,
    0.19696969696969702,
    0.24426571343461423,
    0.2973120480283804,
    0.2701387895263986,
    0.3437282472504525,
    0.3663904712584153,
    0.2829248026589115,
    0.31668466522678185,
    0.35094742460635175,
    0.22293340596486455,
    0.202470538122959,
    0.31001762233970453,
    0.1821336954881545,
    0.2158421672555948,
    0.15576036866359444,
    0.3354745673833246,
    0.3428032853103541,
    0.2955824423185144,
    0.18640451150739212,
    0.20045801526717555,
    0.321947283485745,
    0.27521757740048514,
    0.347548270593138,
    0.2648522095405327,
    0.25805108273181565,
    0.29811056682995096,
    0.35051688490696076,
    0.3659177506240967,
    0.35274815422477446,
    0.26376684241359105,
    0.1411060849263096,
    0.39667731629392966,
    0.37625217042874315
  ],
  "baseline_mean": 0.256640405105687,
  "treat_mean": 0.3456180418773144,
  "effect": 0.0889776367716274,
  "bootstrap_ci_95": [
    0.07864181701119602,
    0.09962951581356265
  ],
  "per_inject_seed_stats": {
    "101": {
      "mean": 0.3490933454188301,
      "std": 0.053147397331676484,
      "n": 20
    },
    "102": {
      "mean": 0.3707922851737956,
      "std": 0.047295525025051716,
      "n": 20
    },
    "103": {
      "mean": 0.33713346863508853,
      "std": 0.06755825602242602,
      "n": 20
    },
    "104": {
      "mean": 0.3379911873854848,
      "std": 0.044672487679691605,
      "n": 20
    },
    "105": {
      "mean": 0.33307992277337317,
      "std": 0.04112174681036972,
      "n": 20
    }
  },
  "all_paired_summary": {
    "min": 0.20128479657387577,
    "max": 0.4705949395942558,
    "std": 0.05337685132528772
  }
}