{
  "feature_names": [
    "retrieval",
    "ret_rank",
    "ret_margin",
    "jaccard",
    "contain_upd",
    "contain_cand",
    "bigram_jaccard",
    "idf_overlap",
    "num_shared",
    "num_upd_only",
    "oldvalue_hit",
    "has_oldvalue",
    "ab_contra",
    "ba_contra",
    "ab_entail",
    "ba_entail",
    "len_ratio"
  ],
  "scaler_mean": [
    0.61876624,
    0.49997123,
    -0.25702309,
    0.24151357,
    0.37075721,
    0.40628417,
    0.10137996,
    0.31367226,
    0.00858888,
    0.06008764,
    0.04073413,
    0.28306772,
    0.17910933,
    0.19140033,
    0.05061331,
    0.08995613,
    0.73670345
  ],
  "scaler_scale": [
    0.37995726,
    0.31915572,
    0.37819422,
    0.13406415,
    0.16278043,
    0.19016826,
    0.11064825,
    0.16212735,
    0.06655356,
    0.18768435,
    0.19767363,
    0.45048905,
    0.34661231,
    0.35188875,
    0.19468292,
    0.25777678,
    0.19128771
  ],
  "coef": [
    -1.28243712,
    -0.44518256,
    1.24641891,
    -0.81196429,
    -1.24640555,
    1.29675384,
    -0.14998413,
    1.97382881,
    -0.09278887,
    0.01019606,
    0.07858646,
    -0.48105759,
    -0.07861625,
    0.30678654,
    0.14891309,
    0.05292618,
    0.10007917
  ],
  "intercept": -0.53924792,
  "train_rows": 17381,
  "source_dump": "benchmark/results/halumem_updating_full20_dump.json",
  "match_thr": 0.94
}